wallet_age_days,transaction_count,total_sent_usd,total_received_usd,contracts_interacted_with,past_loans_count,past_loans_repaid_count,loan_default
1127,2595,45331.79947399667,453480.7101365335,178,5,5,0
1460,1068,144413.92920576598,66272.95227958274,148,35,28,1
861,4329,54643.90491969829,296547.94873026275,178,44,20,0
1295,2600,325290.77273107873,299600.3804616585,112,35,25,1
1131,924,382618.91319143673,176795.02419933653,161,21,13,1
1096,10,462844.84795726783,229287.36564217196,119,13,8,1
1045,472,219142.35597135263,19086.98348859775,59,15,10,1
122,4175,450697.6872292633,372955.4333096433,43,35,11,1
467,8,438957.79040475964,274706.3074536467,12,24,9,1
1239,650,158666.13881102277,28964.75182939997,40,31,18,0
331,122,434463.4227077314,340409.8708909467,118,32,5,1
1483,2933,187898.55871567506,233444.36040787084,20,44,19,1
88,2556,148504.95035268436,17327.1835865575,166,35,23,1
1397,4294,324572.4219313171,484806.9026513629,131,19,5,1
1124,851,164257.77581975202,474561.1603304113,156,17,7,0
872,2767,315141.35328973917,256499.91783198406,184,37,0,1
131,1146,304954.9195687974,46926.84311088451,90,2,1,1
1333,1815,281763.11978149455,377335.14867713605,94,22,16,0
770,728,190271.81014597556,246016.35694285395,13,31,16,0
344,229,274295.0108535732,151293.494396861,66,44,23,1
1438,4632,298283.08894521225,245759.94694652554,37,15,15,0
806,4213,272888.87555888714,261269.8282881917,177,4,2,1
386,4659,222265.28443032564,281399.57834126736,66,3,1,0
1216,2053,7432.061817427279,220667.73445629774,36,20,2,1
956,4754,293572.14767980535,302917.07603921444,182,39,29,0
277,4420,84305.34813284555,459375.481832128,26,13,12,0
1185,1578,321323.72687670006,181197.81674058572,75,38,21,0
460,1833,379696.2295286407,362885.65996365255,108,30,10,1
1338,1922,250272.61003445767,447236.83315643365,168,13,3,1
22,4239,271227.59612337116,228044.03995239246,43,5,5,0
253,2031,475744.13197702897,221783.57260731386,150,11,2,1
748,3749,423598.96395014983,301098.2809788543,148,15,8,1
857,906,457126.8343241398,295744.2390353018,8,16,9,1
475,4790,406901.76753096125,403314.01222890586,29,44,33,0
1083,2044,54548.279089181044,238294.04355076852,40,22,0,1
511,14,74581.02879950033,498061.86252475664,158,13,13,1
700,265,263359.2362547529,29829.83727675366,128,6,1,0
976,1678,123110.22243311933,1683.6075054927985,84,45,16,1
190,2224,238400.06797307546,320135.13594865595,116,31,5,1
958,2065,197243.22537679327,149287.61268970216,183,14,13,0
687,3718,274752.17779138364,120267.15611087196,144,43,22,0
958,1624,373463.17049629777,156018.3500941398,174,16,14,1
563,325,357773.9044589273,128098.17779596665,62,40,21,1
1268,1347,260664.94282941864,15491.94582525788,7,46,2,1
832,2381,411214.47006664734,485769.3678910553,45,43,18,1
1155,2837,215487.95955986288,110450.6696775456,187,33,33,1
647,2829,448367.4734910772,367041.4783183942,184,4,2,0
21,1999,35733.007000576436,381321.9377076182,176,44,0,1
841,2963,477334.5490136504,464635.7732638139,155,26,19,0
167,2043,327381.071407531,15371.673600980648,181,22,20,0
1298,3495,190099.24701770893,436036.9643896591,88,39,28,0
388,3682,98657.34787378139,263660.36780181614,73,13,5,0
601,1123,239643.6963988556,316308.8005719174,163,14,4,0
316,1609,97359.70576033196,322270.69153280475,179,42,0,0
14,4032,83249.17071079677,409916.9227118653,37,32,0,1
242,240,308714.1435307458,166770.32034733935,119,30,26,1
777,1974,261590.05381843416,366552.2898110107,57,34,20,0
1370,4434,335081.00770200975,264336.1970501263,8,16,15,1
565,1913,464809.9781232524,396717.66775124334,95,27,11,1
898,380,266176.8806481862,495273.9617817897,117,18,7,0
1364,3535,290507.9334260726,100405.44360014024,110,45,25,0
92,2640,44904.20694355556,497324.8559158429,20,22,15,0
1391,1575,358846.1293757239,44997.095925958725,124,31,27,0
956,2565,200012.61288139768,1258.5421976164516,53,39,0,1
1479,3396,488364.9468074232,22176.55189529785,119,12,3,1
1452,2970,411604.6903962706,170957.02412790718,12,19,9,1
509,3648,261288.27215400754,316489.8747061492,177,34,16,0
776,3855,61699.0048206658,34607.867489836026,17,4,0,1
35,877,429721.9550609665,2932.3406833306785,64,8,6,1
206,1257,399910.5696024684,468551.8051265515,42,28,6,0
1105,1319,92374.10625556279,410981.12530637084,94,5,3,1
1412,4825,147709.616781233,404610.66725240165,157,24,20,0
1026,2903,396724.2883481039,442223.6953234384,147,30,6,0
1022,82,92695.70042905009,350047.132958775,11,21,11,0
1414,2626,458884.4693367715,52291.62446106591,98,1,0,1
566,4232,212321.2598556613,199610.18401805416,178,44,33,1
1130,605,43610.77739757056,361602.4282836683,71,4,4,0
703,1070,407892.74688779004,140239.1969496813,108,26,3,1
402,2141,186817.49055088995,343734.44143170514,58,24,13,0
730,2454,263296.9471574751,12346.77428899941,34,7,5,1
162,2348,56240.941771168465,153138.05670570864,20,0,0,1
202,1868,1391.7490210066944,274610.2551049586,50,19,15,0
996,1323,319028.8043760695,316081.7057701705,102,43,6,1
270,4716,257636.06764983243,288562.6281645092,138,22,18,0
816,3602,296809.9307046613,348908.3624091074,160,31,1,1
1295,3767,396892.5508052201,3143.765245095551,52,10,9,1
456,4675,323338.2961200878,50560.50586876299,15,38,16,1
1486,2195,87469.24406940585,434485.23171434464,84,46,36,1
1276,997,180450.18230338886,340906.14718067157,131,23,11,0
1017,2717,452954.9632834014,56554.52817873705,37,10,5,1
296,2197,384995.3556558143,421053.01125554973,126,28,21,0
720,1253,278362.86526256497,121191.385790501,40,25,8,1
338,3059,127896.93440485523,239182.11610919223,72,15,3,0
879,4603,151100.04486721405,72683.73679104168,40,34,0,1
1077,4038,366005.83798605873,355084.01720521116,56,19,14,0
792,2002,425602.01300030015,333460.5250650325,151,45,5,1
217,4921,335745.1922983542,105635.12433595148,104,2,2,0
764,3692,404784.03488664405,431714.0433518152,139,0,0,0
188,2156,383351.40198668296,200712.88150743413,110,46,17,1
380,4023,74937.01358168318,146328.29402626381,192,0,0,0
493,3115,212030.01197535967,76249.56177332127,136,16,5,1
1065,1975,76576.60203419847,133157.38945651718,93,1,0,0
1181,202,117694.2688425122,11111.257919786118,94,28,0,1
15,2631,434642.88636306114,291670.4204788122,56,19,12,1
65,1207,236498.69362002774,421131.15009733953,60,5,3,1
521,2040,267725.51511114615,274535.32667587674,138,7,2,1
1368,482,89305.13801736328,109715.05356574547,39,28,25,0
1153,1259,156204.66584579312,16931.22218911497,28,47,32,1
648,927,115200.05959709219,107392.57382207554,49,32,14,1
1496,424,103172.46364276137,208119.10189273904,164,2,0,1
1087,2209,319016.60057865345,379829.75320702826,125,34,26,0
1163,2602,128516.23543809283,94002.64198363328,13,4,0,0
593,1125,316044.5414616072,359923.7475320076,36,26,4,1
392,3073,29321.461592866097,433480.04082910664,101,43,1,1
419,955,70973.01932419822,227028.0293693677,26,11,6,0
289,2341,137342.67297466268,410733.8526221324,86,19,0,0
379,2248,298563.75375615625,277373.2082827443,4,44,15,1
231,2650,337953.03841917927,318581.7094567444,82,19,5,1
1018,1862,221414.21169308558,263186.60232306755,192,8,6,0
41,4617,222950.87819715677,231640.04110399575,166,38,15,1
1052,1870,362285.9740141692,117403.25554374709,127,3,1,1
135,2917,8008.9637736146615,151666.7103245769,88,18,2,1
201,2858,170610.90323466284,145056.06245991014,127,37,14,1
780,4915,409371.6578539045,281688.13658381195,120,26,2,1
930,3233,301649.3831656648,60064.85114264257,22,44,22,1
1057,3724,168679.84366443465,458404.16618209734,130,42,28,0
1072,3233,452771.843685604,360355.5071270283,31,12,1,1
503,2376,386334.1014519463,200782.6708935055,119,12,0,1
407,2896,132521.23407364305,79396.20984873634,11,21,8,1
805,3761,322680.3897791059,441007.8856438458,46,27,8,1
99,4230,297915.78902165947,411906.66724157246,96,46,22,0
684,99,200653.83822808744,360888.60420331795,190,44,6,1
726,2679,183541.34399447986,135846.36900088005,197,21,2,1
961,1960,171845.8813403744,201283.07405309108,192,42,31,1
613,798,308616.17611948383,51463.851400966436,10,18,17,0
1486,1839,221260.7272466867,94600.8584112931,168,7,2,1
643,2121,415948.37031438586,391530.01699463476,128,7,6,1
1029,4111,334834.34780536755,357547.8555534568,152,41,40,0
1242,3330,35058.80969414612,296783.53291166975,99,25,0,1
503,2924,320120.0950917002,447873.7902904938,172,47,13,1
767,2602,135646.6035064424,291674.9322547414,112,25,19,0
398,3210,296446.714627546,233537.303181809,60,22,5,1
871,4812,340097.95235861535,170251.33607825078,190,42,38,0
795,819,115491.51165809063,470230.2080175127,87,12,9,1
393,350,228483.6365756963,41449.45921602431,145,27,6,1
207,2354,95243.398923252,465450.5972931981,65,8,1,1
1039,367,26264.204005675503,413374.6584995161,57,19,3,1
892,2448,189300.36410058595,65051.969275397074,183,18,16,1
1485,2270,181535.8414958114,282535.6804018593,106,47,32,0
864,2193,497740.6973030581,433287.3360763685,181,38,9,1
743,3010,223231.54036370132,285947.40088721615,184,11,2,1
1265,3286,166851.417781153,453609.1907981551,9,14,14,0
564,989,290279.4558576656,471497.61002633965,22,30,14,1
1021,1644,44474.82031447345,211250.02263993453,141,13,9,0
96,832,480836.7014038111,188719.09933702118,89,10,2,1
485,2735,317516.5267909575,468166.9448691815,176,25,11,1
1431,3536,377443.4261884298,337602.51656871906,18,41,15,1
231,4456,85321.92129314138,58099.73840594983,115,26,8,1
749,2940,204797.97871730142,21241.64543641833,168,10,10,1
1195,3881,211402.28778675516,282358.06259353185,145,37,27,0
541,131,410921.0413061533,465092.46562266845,143,33,16,1
1060,3182,718.2162117287803,422139.92633266863,106,42,1,1
525,3061,150496.4688657922,337956.28845752176,15,18,3,0
1184,608,490620.06353471754,69644.01286065465,63,5,1,1
1267,3454,237495.7830987587,127190.26873597292,167,45,6,1
1110,4151,191324.88749397974,437768.06215365283,13,37,12,0
578,3538,60002.51810862141,91485.33760478454,81,48,14,0
682,3372,487084.89785114495,139291.86018439225,32,41,24,1
557,3373,10111.175327319652,64887.365532601434,137,27,22,1
1013,3802,368616.3944811208,338086.50488406414,40,0,0,1
646,1797,384323.04241377534,471996.75445106847,148,34,21,0
796,2866,121903.99236032693,134557.11899453343,82,39,25,1
1052,3481,335812.0659621573,237755.76326425184,77,7,0,1
1364,3422,46555.279275257024,317206.43588163104,191,46,10,1
1355,1650,128597.92848939673,499733.17748299375,76,6,1,1
1372,1210,393972.2039473033,52493.5516922863,172,10,8,0
1497,3035,432356.62739756674,249335.542672904,38,38,36,0
1255,2877,304282.35768862965,192621.5479392598,188,3,3,1
190,3077,253468.53206705925,432923.50059465534,71,24,10,0
1249,1859,79736.07990742825,238036.26873272678,48,11,4,1
1409,4026,31648.20563626717,55577.66454011553,18,25,5,0
1401,4667,58912.749333931955,317248.63022876316,144,37,23,0
1307,2713,113755.91431803978,385413.2310701135,183,45,39,0
633,3507,170903.08349827072,1540.3377076407348,39,11,7,1
628,1337,190516.67180294252,429492.4470417727,196,42,32,1
973,206,173226.25211764287,93092.89770283224,187,36,16,1
1283,3512,119603.76056541307,276079.4753902236,89,45,23,0
1383,4217,254911.1509511739,207957.17059365634,62,23,4,1
710,579,412660.5255056251,359854.94292360416,141,15,8,1
1480,541,139923.79888189246,185643.69123139235,109,12,1,1
1435,1630,471199.2708492063,434894.6120231872,81,24,24,1
649,2127,436680.9971957515,365275.1308432992,134,3,3,1
318,390,80965.9292549196,323891.81421435444,77,10,7,0
1249,3286,393159.35078287154,398140.6737218709,188,31,8,1
1258,479,287336.23242065153,377036.1151606983,90,48,3,1
684,422,283331.0235494921,18065.743593284515,14,6,0,1
664,3605,195582.2772527814,197427.7034870296,95,45,16,0
1398,959,250626.38429108667,465410.5679285133,54,10,4,0
1496,4976,198649.67083686258,62949.562069213884,132,27,17,1
1257,4863,269912.33611809544,368574.56556098245,39,40,29,0
1137,1210,314012.23138104065,487298.4464865313,72,22,7,0
442,4764,337184.4728238833,26194.09465958132,25,44,10,0
564,4125,266287.34816045716,341128.7209252426,77,22,20,0
1292,1995,360738.891457633,234130.2552363851,160,49,20,1
1410,4810,70724.89683282535,289629.7101618236,187,27,17,0
1411,3577,106070.04720202905,42762.134108513994,191,42,28,0
1137,4385,409385.6285367276,21599.175238283045,166,46,23,1
952,4163,161331.73612542296,333466.6436094057,120,25,9,1
1105,4762,11544.623105562512,411672.38396737684,53,24,12,0
699,2718,76980.19571904874,391029.4659329903,195,28,16,0
113,2208,111884.85580470599,271948.4833603321,156,18,17,1
2,3125,478665.71165850415,50023.42388597547,131,32,19,1
642,971,286563.4103225316,344053.4174736233,150,35,17,0
220,4949,466372.0971640798,121020.25288871756,96,13,0,1
855,3437,287624.1589132628,455543.2445134151,166,13,8,0
1249,693,239729.2846249121,419148.8532368979,72,34,13,0
385,4248,156932.4728279286,354720.54524698673,62,29,16,1
1427,3706,303224.83512224443,474428.0933199821,185,27,3,1
1154,346,69685.09250630316,15807.768573485337,6,16,14,0
1077,1729,449140.9874836237,368126.5924878749,32,2,2,1
730,4427,414683.26933012775,165188.36539026903,99,15,11,0
1440,1797,158833.97079358084,453042.336254614,138,45,8,0
247,1764,476403.48404788703,133410.93081132259,131,29,12,1
836,3217,412617.86363104254,362455.76400757703,187,28,14,1
1463,994,333186.81222893635,438835.7451234256,76,44,26,0
203,2267,60968.77937152487,20924.243509502943,177,14,14,0
1208,2487,239169.18812173133,198884.02503805884,59,45,27,1
123,956,253103.16666789076,381178.28510776715,31,24,4,1
401,727,116352.42404685351,227513.95286484278,93,37,18,1
767,3394,40074.700640215044,133699.5896338183,69,41,25,0
294,2084,388384.1428727992,109980.6938767127,190,46,25,0
280,2722,61105.32255698508,65845.98163149731,52,37,24,0
884,2337,297185.9462058312,428579.0669721555,89,22,13,0
198,3381,468230.9420244419,287720.16608545283,127,24,16,1
982,4529,438064.98577976145,38284.834001228846,169,41,17,1
752,1505,138948.53661225564,191351.90375296064,31,6,4,0
144,290,425739.17391187756,183930.05203747444,84,21,2,1
609,3500,266.2198096326543,90951.42143566055,127,16,1,1
1225,2070,8942.136025667285,217810.26197354813,150,17,0,1
1148,773,301316.3266050482,166116.4727600289,132,48,41,1
187,3062,182462.6297503503,170967.67237554205,13,40,18,1
1350,4294,193291.77449545765,369539.3762382005,45,9,0,1
464,2166,282264.1012303734,111709.36641404763,127,9,0,0
1373,3298,95972.0495503711,320965.7934317922,170,6,3,0
660,951,105956.49979767263,285367.7469780793,114,47,2,1
764,4931,242352.33335073045,284089.4469176999,177,49,42,0
955,3340,377151.34681749716,331537.3723362738,20,37,25,0
403,4155,309786.9259286531,274236.1798942074,81,26,2,1
1370,4900,148747.78861359577,439639.6319117077,182,32,7,0
147,4878,215225.5550367097,337822.48796593485,164,0,0,1
1172,1486,85415.3127991442,273526.92936055694,129,43,35,0
864,1906,37407.44418710715,414898.5838317937,143,33,6,1
489,3456,391369.7507680002,303112.6678102465,17,3,1,0
929,4069,132767.16585317848,145643.00946781097,152,16,13,1
551,59,88965.41728683897,103626.74959646795,58,3,3,0
338,1828,345839.86597910273,76248.66005277314,72,42,15,1
872,3467,309064.03197616426,449737.6607517962,109,25,23,0
641,3084,316631.49404413067,355096.7023558531,23,3,0,1
473,837,114524.41296282214,468695.4812383439,174,0,0,1
151,4413,116399.50472748424,301685.5736769,72,6,5,0
1439,2811,110479.234629841,236753.10065930677,8,29,29,0
1322,2495,86958.92257158102,29952.272836547574,59,49,0,1
263,332,327896.263913572,335853.9765448603,111,8,0,1
144,3315,424023.1410361758,291146.15900813875,187,34,24,1
346,3305,362186.30309136293,495105.4259044519,13,7,1,0
624,3680,396067.6075168956,119655.47301334329,167,23,21,1
1017,3059,202458.73469969138,265415.6039078892,156,18,15,0
881,2148,327072.49010646186,325513.5718255245,189,35,15,1
2,1316,177182.6965983428,322331.1282536976,16,49,7,1
897,3196,262799.76052212314,280690.6421199065,119,42,28,0
1328,2543,240869.25978277766,388486.31236258004,2,26,6,1
254,3988,88525.88385741282,102570.10664245553,145,31,27,0
453,4552,193600.67229178184,362841.0374171805,30,13,5,0
1061,169,481914.75551362726,309905.3122594013,103,17,15,1
1184,4282,124365.27083169954,448047.9483861072,13,27,19,0
1015,827,66988.4877661164,423612.5000728875,96,28,15,1
9,948,209348.45274980523,157642.00486236336,94,15,6,1
1257,4430,395189.834156488,138191.03875507903,82,34,13,1
1123,779,291115.90006700816,490828.4965938387,13,46,42,0
816,2203,340519.31613639847,263679.86393953674,171,30,25,0
208,3161,94928.45460252113,453219.83986082696,94,3,1,1
1155,4247,309512.20168456,82024.12378786305,149,36,13,1
404,3700,161817.84741624573,321445.1755086071,112,16,6,1
152,3457,417168.25264078827,404949.10766155703,55,38,32,1
54,919,314686.473124767,473702.8852682648,81,47,25,0
1144,1313,99508.25325987043,168736.33649441003,168,45,44,0
628,4182,32401.878254058665,362518.08684503386,116,25,19,0
587,518,21412.341322587665,269452.62321890553,143,47,2,0
1444,1925,185767.14296830536,30408.400140627447,180,38,3,0
1446,3599,132998.9832134913,345030.86868074076,108,40,25,1
104,4846,323080.4527189078,345079.2694630979,53,3,2,0
254,1414,249716.98410581128,465310.34174278384,128,29,1,0
1251,4807,133083.0370748898,248706.4918398693,180,29,13,0
1136,4571,74703.96519729304,115202.43526318629,158,21,11,1
510,3195,63687.16136745605,22377.455341994708,161,10,0,1
1497,4496,432343.7300309948,207879.52912428425,57,1,1,1
99,1560,121814.63640559313,151028.15836874317,52,43,25,1
153,809,325890.15289069305,380568.04418133537,137,11,11,0
914,1284,405361.8954003345,177198.4556440392,182,29,0,1
878,3582,307079.2474612496,474540.6910377905,111,35,12,0
338,2906,429796.6593003082,481158.87047359336,1,17,13,0
822,1392,196257.6213920844,310492.20424983226,44,25,23,0
1187,4693,478115.47310540924,464337.27747873997,75,6,5,1
957,2766,66659.18758863067,380451.0868227964,98,0,0,1
161,2684,51164.54987580329,273475.1345234656,9,25,1,1
801,2111,329380.20388910105,90235.93691784679,32,22,11,1
398,4228,471421.28759248956,229353.1119625686,15,25,25,0
1301,4836,404460.8424720004,280481.14423497254,140,44,20,1
816,2773,38300.78803308191,431994.3942094316,185,5,3,0
1416,3958,139755.92019596472,240718.55493017889,136,5,3,0
1159,3191,465166.41053042805,448847.5688717105,72,43,39,1
1219,3285,126603.91055711219,337207.0546138321,155,7,1,0
401,2578,390607.0948510809,68585.83162053033,190,23,9,1
640,4621,412583.584744759,497491.18652561394,12,21,8,0
1057,2604,247776.5065201448,263663.6071108809,65,18,14,1
688,4038,193235.8200331729,195989.96237489852,107,36,12,0
460,241,225117.20376663783,329590.9708583163,42,17,16,0
955,1309,113559.65071324554,54535.76765912143,190,30,29,0
470,3435,444706.51897280925,318305.66951200186,115,36,1,1
1399,1306,225364.76639920598,249168.17664958656,139,29,19,0
1046,2546,441241.4742840043,203396.3675922917,103,41,19,1
750,2056,52936.17060514642,476514.7085873317,171,32,2,1
38,446,494138.80797296565,261317.6043943534,95,9,6,1
230,2081,221692.21641306477,109636.82798702222,17,36,11,1
1389,3185,24010.62711501332,229535.84334071158,160,11,7,0
563,2662,19107.121933903712,459701.76354587905,85,29,1,0
438,3803,373129.0080151711,88130.12611816428,168,26,3,1
1307,809,329551.86354842,107057.12364024963,151,38,13,1
27,79,401085.06600798096,6613.480921766166,56,8,2,1
226,2180,52773.2302230077,7193.605692944013,134,20,1,1
1301,3929,17881.876431070617,414712.8743165604,86,11,11,0
798,2094,254338.78679484446,366088.0911607936,178,28,28,0
284,45,193858.8562182365,177585.02412033395,102,32,5,1
879,2086,231027.27364181078,349185.7474980636,165,42,12,0
960,4688,495795.04559424997,197663.44256235412,192,14,3,1
453,1627,485377.903839568,476453.10831931396,54,1,1,0
1020,346,471163.4632976291,483529.6354448748,177,38,17,0
816,4057,391942.95411616017,196457.60852709075,115,43,11,1
659,2079,177485.1959924195,427125.5309797999,139,17,7,1
547,650,206124.25203835953,386567.2119445633,88,2,2,0
1216,4831,274853.06025509036,155068.96859217747,49,6,2,1
1073,4268,415284.17475677945,116096.71046766288,149,42,5,1
17,614,34449.544975882054,229171.50173137765,115,17,10,0
1196,459,212206.01325385558,390696.2854231417,194,43,36,1
1244,2958,41400.56996328841,480087.87558589986,63,37,6,0
158,1713,257377.32752809842,381813.1765263996,104,36,4,1
477,3477,449460.5219207171,427617.97181068314,83,32,10,0
1070,2974,391264.2137895126,301571.8466546412,103,43,14,1
1397,3033,113998.42452980067,417720.37463797873,156,30,2,1
518,4802,487997.82571443636,392231.98691590846,17,10,9,1
99,2686,333708.4639834096,188555.07240894742,6,3,0,1
1061,3634,5312.806928761794,276039.9520301485,147,17,4,1
280,4230,127781.20099414124,402396.08568264847,184,3,0,1
1373,3072,130430.57862996627,23123.76142155919,28,48,14,1
497,1391,34720.227712301385,404058.83324967936,194,33,2,0
302,3781,479917.2763861569,89026.27321210681,38,28,28,1
181,2871,239179.8217585043,257390.34019900733,119,23,5,0
607,4793,447917.71722620376,404156.89223401324,37,21,16,1
1123,3368,161175.5301719697,126985.15697053175,115,1,1,1
700,4894,62704.26185937028,122979.13890914588,68,43,20,1
993,4129,237220.62134211633,201441.9227912797,177,5,4,1
1140,153,57066.92169368715,447331.93450905953,43,41,10,1
191,3855,243059.1499384722,321.3464404602213,164,24,5,1
253,2063,460156.56089158193,450701.41001130326,58,20,7,0
981,1141,260431.99410292294,76988.13161833973,13,15,9,1
928,191,308288.2134748522,495044.1793961343,52,30,23,0
1185,2859,78403.55464320676,477428.0118199302,58,13,12,0
1280,1255,21963.439377396746,247388.12727668253,32,38,34,0
1347,1338,55492.90029368554,256408.8518815328,105,27,22,0
128,4198,299305.9346846144,240826.51520389956,188,31,13,1
18,4155,47596.3483262531,317758.2784651953,83,27,22,0
566,2716,188058.84568166157,45451.778947242026,186,48,13,1
570,4858,275090.9610350322,16405.712375949097,99,8,5,0
1347,4506,194387.53403506053,28945.69391510784,104,44,43,1
686,1790,81925.5323525042,222238.23808583303,184,21,13,0
626,755,136968.27462630183,137846.41481581973,28,31,1,1
1312,1767,464165.93467100366,311057.57722925977,129,4,0,1
854,3925,338023.539565619,496221.900458452,170,22,9,1
962,4465,248074.3145560753,193222.9542209253,48,4,1,1
155,486,6456.17350444807,286963.24292684626,40,41,16,0
490,158,496208.45870468614,207860.387564077,97,31,16,1
1410,1529,335760.3219538322,423651.10669415747,191,9,2,1
785,2125,158529.546424738,451127.9780907728,114,38,30,0
1128,2348,439646.40313291934,438690.0705414095,132,14,2,1
1417,1245,129289.96698387987,487188.68211576086,166,6,0,0
246,65,272053.8879334575,13856.840651693605,155,28,11,1
1200,943,318071.77478853957,419924.09945655096,137,46,38,0
1063,1644,110609.57938971886,375910.90930224274,111,2,1,0
759,4125,489200.79967241787,114424.33525924236,144,18,12,0
538,4231,374121.1337989009,478164.41468442505,184,9,1,0
921,3574,278950.83143298386,74174.14632214974,76,27,9,1
408,1257,90379.23962783291,339807.0085742408,31,28,20,0
525,4208,27023.71767831326,112522.61938627464,119,14,5,0
828,176,160097.91027723963,215747.18632215992,142,34,3,0
903,1463,376618.34922311007,359608.03248259,25,5,1,1
36,3554,134738.71602118234,281705.98855232005,34,11,4,1
685,4202,269824.154625703,213808.16548092305,67,46,18,0
20,2327,364000.79364769853,163236.5816229004,152,37,1,1
321,1641,54061.062951767526,419845.86188882426,118,12,11,1
512,3120,342680.4782563251,71992.79372237537,73,28,16,0
400,4095,46026.25676625135,215108.42797724705,26,18,9,0
654,3009,482568.35808928555,451888.4101303936,148,2,1,1
972,334,244248.2256194633,422940.19027493784,192,7,5,0
471,3645,75422.98624416771,200530.78706027605,104,7,7,0
1167,3899,171257.5796531699,381577.870964294,10,19,18,0
1116,4112,206766.8830027012,411598.09927135875,67,46,10,0
1378,1346,379116.687037161,444454.8232594145,152,3,2,0
834,3668,371737.550659697,272298.4339477091,5,20,11,1
727,220,306009.0586181318,102309.99693875042,195,2,0,1
854,343,53054.76320799063,127729.00734431543,186,44,1,1
51,4067,75869.52885667802,147917.76755339795,27,7,7,1
575,2713,46969.08463071376,296941.8601567268,113,22,10,0
1214,3157,288628.67436544626,16501.53110189136,15,15,11,0
1149,1755,438581.5069115508,318057.63014310616,163,12,4,1
150,2426,216956.8760761604,182240.68379027318,105,2,1,1
314,714,80508.00216147733,147691.37706457212,181,47,20,1
570,3731,279065.3583419686,439760.3357069904,44,8,3,0
1366,3647,405894.93321116833,230055.19755084137,26,13,7,1
305,3998,370881.85955031373,47617.01746179312,175,12,3,1
682,493,440737.2447595432,413390.70933632087,162,6,4,1
838,51,139023.25841470904,23915.86459250965,95,14,9,0
1078,3364,97057.53824716066,363401.93716168153,178,6,3,0
1003,4878,439920.26132237515,386975.7202631555,84,37,13,1
444,4811,328814.4003577337,176366.0427038362,140,33,20,1
613,405,155533.37211077634,412411.4493532656,132,40,21,0
993,3995,371199.79048119736,257878.13698764108,87,21,20,0
264,3162,407577.6804017359,231700.49727107113,176,23,11,1
1077,4350,307527.62234653207,22797.100406199403,183,48,29,1
1004,395,343973.2665289696,145085.59390508806,112,36,19,1
5,3858,187692.4262308889,465511.8844455614,129,43,23,0
1127,4435,269393.96410478523,195972.79924542166,89,0,0,1
1220,633,262127.1694460085,273395.59022632847,66,9,6,1
774,4237,424039.0907862729,266057.6373242275,158,42,6,1
877,2935,419997.99374306307,295256.50180236436,131,15,8,1
992,1526,416356.9666265869,30759.34472607698,122,45,0,1
884,831,5614.70396980665,181151.90977388425,149,7,1,1
1374,4827,374797.78768599726,361591.82411388884,84,48,37,1
47,1505,379362.32741649135,100360.06951138416,177,24,5,1
867,3299,339221.5735452854,101868.83093542558,116,49,43,0
823,2424,378156.7024799372,5144.294283843462,190,11,5,1
936,939,421000.98871120467,218797.21511144403,116,24,11,0
656,3047,235212.49514548265,441378.91689864366,38,16,9,1
269,4502,251074.90172287473,26045.281699295774,143,25,22,0
370,1471,62444.5570500041,95640.24287705171,110,45,5,1
636,3566,192749.40393537618,155111.26071754325,180,47,16,1
1130,619,321718.253437901,365889.19580845,46,13,2,1
657,1187,390221.84809602256,320353.732842013,25,40,37,0
120,3228,108682.82793583616,208030.35790046933,21,35,23,0
831,2672,68997.66728970177,379558.56273526204,121,22,18,0
1082,135,331554.69804979605,304854.5427272853,122,42,9,1
1370,2988,1039.7537741028298,448030.7957486438,133,5,4,0
741,4283,89268.45489523419,409031.57189443265,70,46,5,1
1498,4464,14632.783033942473,126481.52168399136,113,4,4,0
117,43,83525.87041564997,135792.14495933667,107,42,38,0
791,3964,90741.50803476006,62765.702248613576,112,24,23,1
1151,3592,193898.03001572206,168548.66638615652,108,17,0,1
1417,925,201223.3296308093,499772.00496767525,47,12,10,0
1013,2774,437143.80905805784,202935.009190669,196,42,17,1
1082,4116,255103.8452781627,110322.16850108429,91,13,7,1
634,497,361730.0423295819,381265.19394932897,18,27,27,0
513,1136,52158.26522435169,271281.25463098177,149,17,11,0
802,3526,112796.83385630055,74885.76461852358,104,27,15,1
1120,315,351501.42614524055,190406.7716123168,151,26,9,1
1142,743,26496.69983821719,207293.41079811772,192,31,26,0
560,3246,243350.1713556522,376939.4673145524,195,46,9,0
488,550,299724.54593490064,10433.61730906304,40,8,8,1
1261,2466,301112.60746183526,134582.9214344754,138,39,31,1
897,4351,11564.112352894212,258846.39102762946,89,31,9,0
1296,4859,161121.79131416982,134496.4865521764,180,19,10,1
1213,1809,318281.6764594721,314254.18030475755,61,27,22,0
704,3217,74584.9681010068,240985.55288938084,192,32,22,1
1471,3815,347738.2825991938,180918.95640430436,5,3,0,1
581,818,372988.0118859559,474609.3925725691,122,45,30,1
790,4129,490986.398304028,316116.5336433101,181,33,6,1
861,2037,105000.01322871906,65057.691996743815,55,47,39,1
247,4577,412582.820766291,280089.8395519534,37,2,0,1
1100,4418,260196.25880163515,390387.8534151304,56,25,20,1
154,249,186793.9518124723,354273.9997766494,187,7,1,0
1459,4848,61276.14098685645,86127.40572470016,102,5,1,1
997,4797,367779.25268312,486212.75752014766,93,15,14,0
1110,276,118005.21381192918,224461.94150872834,197,23,0,1
697,3516,185773.85873633556,79596.59936975662,73,47,36,1
1309,1776,31364.85922599448,90179.85748866115,59,38,33,0
1244,1267,400703.32121817756,49207.67259532134,2,29,19,0
1093,2429,383317.60313342453,401778.7024066237,193,44,34,1
1071,4366,366834.553438152,61103.04411149214,104,12,2,1
1009,925,149791.81089489415,62650.116045159295,188,4,1,1
94,3435,86822.68912555203,425250.76021894277,51,24,21,0
958,4440,318812.87690866785,172367.58181533506,30,19,17,1
1012,4489,248133.5754181984,15525.866363605417,11,17,13,1
453,2629,89208.40820563033,26042.460229253596,108,46,23,1
1228,3765,342987.0443978269,71171.00630727739,76,17,7,1
912,2055,495564.1032674697,106775.3346530472,167,1,0,1
218,3505,373635.07191224466,332606.58249977883,90,9,4,1
474,1170,370019.19470413734,78747.40737291393,123,44,9,1
432,380,475161.3451900028,59525.30814941829,191,49,22,1
341,2038,101547.89015069361,382383.09882399195,192,46,10,1
551,150,282818.42746422807,335560.53640157124,189,11,1,1
1313,4393,489825.3928454383,217718.57830547256,125,46,25,1
1278,436,82730.52607399026,274699.954762904,182,12,3,0
357,709,350155.954526316,156060.8117611766,122,49,32,0
23,2637,292946.49197135377,241301.9600756568,94,46,46,1
522,4499,293280.89818513463,253385.6572264746,103,10,7,0
1124,968,348865.54669728555,193679.91186193016,186,18,3,1
802,2239,464815.4997455545,453295.4481150142,184,34,18,0
1204,2046,391312.7117316838,8129.326304004972,162,38,17,1
1247,1833,28162.43809776338,391107.41441931395,31,25,4,1
762,2113,426378.73713586805,62278.977337538025,52,45,29,1
442,4073,112848.11082987374,398793.925532546,89,13,2,1
769,943,188519.39095171235,307994.3666467929,76,44,22,0
1016,4810,230920.23352482985,421654.7176591075,129,43,15,0
1349,811,240504.90977645954,48847.41138788464,183,23,0,1
516,1468,217646.68158775286,279534.4189864771,22,40,11,1
1040,3420,468682.9117785106,250593.83134307232,40,0,0,1
792,15,353038.90193124587,353125.972163383,101,42,23,1
336,1873,315622.2059137575,267191.84689164854,111,21,1,1
258,4872,25016.029688692484,270413.2101098388,129,22,20,0
497,889,451966.2737971613,214855.01219367475,65,18,7,1
896,3569,454704.1569849973,154486.32856126968,191,17,17,1
160,1394,390128.5104087081,241183.9541899709,182,11,8,1
1499,3406,3613.898986428216,59334.33014832345,170,27,15,0
852,4326,28734.397513703916,480760.5181576441,149,27,4,0
690,829,112689.32876401804,357233.94073693646,79,32,25,0
380,2270,65761.56913163885,476238.3116322546,22,18,12,1
957,941,199478.13124889435,113441.01842674863,166,27,18,1
691,2805,461319.26673808607,439682.57598624635,99,48,28,1
1451,2558,236083.01105507943,404414.1132833129,8,36,2,0
1292,3850,6799.972953439588,338608.49098759104,190,25,25,1
1441,1801,141444.57022042313,312552.09012399433,175,34,11,0
1192,58,22392.994695643472,158343.1776674082,17,33,1,0
1067,731,18240.18254448973,408223.75140401884,17,34,10,0
285,2741,137932.35456246656,250807.57919371894,90,39,27,0
397,3175,137878.6081056048,35538.69878805355,141,15,1,1
12,1918,393584.5886405419,156500.29411147948,145,37,12,1
1326,1601,487419.84292527783,467655.01956280926,166,12,4,1
1277,1919,185666.42623561015,425355.0622763626,81,22,21,0
499,2471,214500.5507426332,490954.65846846194,78,21,11,1
754,2742,422410.23919938214,314033.89196378866,173,15,1,1
35,854,134142.69614574715,123830.28556289194,6,27,4,1
727,2114,78275.26402128363,81491.2433334642,163,47,6,1
849,7,426559.5027394849,93538.52886016997,110,34,25,1
90,4260,23345.64316138874,9995.849607792466,14,44,25,0
776,4074,309887.7501556879,195401.987281871,72,45,23,1
605,4881,281040.2244486567,95794.6974817213,189,7,3,1
970,897,173025.63170609696,205886.56468230556,143,43,15,0
1022,2035,157663.24159656974,467503.7164761988,54,21,7,1
418,3165,385951.6773181925,215327.05073264427,27,20,8,1
115,2381,43303.662920196984,439004.4500427189,13,25,14,0
617,4680,118468.47622476156,302791.83283127664,159,39,36,0
1220,1938,366251.1210458611,123641.06417522983,163,20,12,1
826,1385,274205.45980483945,177991.79415367977,60,24,4,1
1099,3686,64081.30544593983,42051.375957132565,6,40,10,1
413,1295,441079.59357960185,166797.95053864564,197,0,0,1
1400,1645,196784.57849713942,338802.7186572167,58,5,1,0
1444,2687,413951.4008235542,36148.33535542465,49,22,19,1
729,992,393877.7364623016,102780.16409816688,151,22,12,0
1301,1223,312250.2806912169,190782.3766025144,162,42,40,0
1021,1360,247291.11753441696,491026.5635542797,26,42,14,1
761,4270,489777.46510684025,392452.4252971442,47,22,9,1
676,4621,72568.03968267054,366770.02457140276,5,31,23,0
1418,4140,362605.3482028023,58183.85916707044,20,29,6,1
457,1565,95676.23166224803,390519.8472181342,134,12,7,1
920,1423,169197.72635564095,392655.87887685595,198,42,27,0
192,959,154418.5018122603,300591.2375426017,59,17,2,1
739,988,473523.2902705876,495181.8548209861,192,22,14,0
1123,979,483681.3532763588,162694.4275716835,146,14,3,1
978,4138,91589.4205729401,470642.0968761016,132,32,20,0
1009,3977,11115.376632722342,457374.08436675614,17,20,5,1
96,918,360032.0190275902,5839.181808713983,14,38,0,1
663,4554,209053.16794185512,225113.25158475805,13,22,3,0
1214,41,44511.23851927344,488554.40610248153,135,26,10,1
37,3392,341908.67737796356,51650.36906779709,128,44,43,1
1393,1716,272598.25357752375,273937.5687222214,44,43,25,0
279,3025,490260.3593183529,489480.8577698479,119,17,4,1
217,800,113782.00698110333,277792.1625105195,143,23,22,1
867,4041,202048.54037564146,94988.66995578077,19,46,28,1
873,4693,271318.6471173719,291133.3967232856,63,39,20,0
1297,3116,395870.8242278305,102299.84291737847,163,41,26,1
62,1329,274464.44449435733,259900.16102095268,81,6,6,1
596,322,306488.7904148884,37113.704734382765,163,49,39,1
729,2401,113150.91108981139,302780.7863402809,147,47,12,0
1366,2167,423474.67217147106,258443.29057016628,148,19,15,0
397,2750,214372.41043054083,370106.6682438554,100,26,3,1
699,1596,70565.71779813246,315387.1655322766,163,5,4,0
1043,3116,332127.53846125817,274848.17363852524,160,26,9,1
177,3935,108123.61754733522,344920.4467391358,122,8,8,0
396,2001,48871.49886862594,72056.5625947582,176,44,43,0
445,1317,431007.2555112957,297720.2946631762,44,30,11,1
1257,1290,230135.11601777098,86138.09035110657,104,20,4,1
76,4316,374666.92797661864,462768.55170515523,152,25,15,1
265,2388,145364.72114719692,34260.21901231754,61,39,32,0
455,3244,393506.3704453414,215244.33737042756,125,47,27,0
718,2144,56056.76991806301,347929.1590799569,145,44,8,1
735,1709,178051.08956004688,229065.30361296254,71,12,11,0
1408,367,489033.1028049669,46138.417091127885,107,48,4,1
851,2609,397015.45921236626,276734.170161741,50,22,21,0
1391,1721,248678.23956431262,320851.79122279456,65,19,19,0
144,4456,169954.75803378635,351925.77626415476,99,36,27,0
885,4291,436080.636441236,186692.58124993317,32,27,23,1
1093,3743,272469.3947663494,281873.6195172782,164,16,2,0
1123,2474,379236.66643276863,225398.16882196267,141,27,4,1
396,4800,377078.4293900504,336060.8137722515,198,40,33,0
1049,561,9071.044716389066,291820.1279656768,58,1,1,1
948,830,63214.26601802747,262925.53415761155,128,24,1,0
891,2813,329848.72026073164,124837.2309824405,142,49,12,1
1493,4526,80893.74366180714,1109.057022342135,165,40,38,1
1175,2724,127821.12299333679,87123.4294881835,112,5,1,1
1168,3513,473324.3133043836,58621.31410794191,68,10,9,1
569,3746,280135.1109616184,224597.46403097227,40,37,13,0
1063,1579,375389.6805489736,306167.84956584615,187,5,2,1
109,4003,279034.57131744165,106621.1958415356,144,44,41,1
1066,2134,276301.5560298843,469534.64227399684,190,10,5,0
1210,2408,47166.53987183638,3440.3963990215,132,13,3,1
935,3334,171897.2299852906,386173.2774811549,173,1,0,0
398,593,141287.2062533872,312639.8642882681,90,39,32,1
1247,2017,195425.10997024525,186840.04504373617,28,2,2,0
634,1552,399192.25969334174,25339.42331176272,96,34,7,1
1157,299,186029.14069164073,313780.53723496123,194,32,9,0
1187,1990,225903.23993391817,192868.19508153744,31,23,10,1
1239,3122,198750.95710360972,468139.94299266825,3,18,14,0
733,1695,46794.64519045027,271040.838437394,136,17,5,1
235,1141,220591.97190956678,469831.79049562477,24,48,14,1
658,2069,97885.07559495306,110319.79836730471,15,23,4,1
751,4460,93442.97555694343,362890.38259101525,171,44,28,0
588,4800,47108.64860668975,308662.785522278,159,34,18,0
1033,4548,178399.8199734682,369730.17409267277,45,0,0,0
1098,4775,378765.19420622976,107412.46519987113,194,35,9,1
954,1012,138293.2011226397,332530.7586672631,8,24,11,0
492,2519,156243.31603256823,249070.3924891288,71,44,3,1
913,3531,321373.06137044454,371438.2049556675,108,48,30,0
1277,4686,98000.82221220074,163589.6176114937,115,42,17,1
1254,1252,448489.2694187248,445039.5070300798,103,33,15,1
1198,3907,260143.24257345207,42242.22717421405,125,24,7,1
1192,1440,223856.70986607648,403613.9404637149,57,15,3,0
170,576,278954.3139454078,430673.6809449639,30,33,24,0
1417,2387,83100.55327675611,408644.4304522739,146,28,22,0
946,1250,306775.2220057242,256411.92449146183,114,18,11,1
795,2089,181614.0582433418,219248.65151737758,197,22,1,1
634,282,448603.451848213,498131.51703378593,117,18,3,1
1218,1892,84510.2179181753,114663.05841195965,167,24,4,1
29,4584,253574.846822334,273483.2953414347,60,15,2,1
1189,1270,299096.5034215721,335370.6951386245,98,8,8,0
1446,4831,16788.462533011974,350463.7311671298,171,0,0,1
339,1045,181910.1930655945,102091.93040271549,126,41,17,1
1389,922,366344.35382694635,327031.6467606666,173,18,10,1
1366,890,410206.7159737418,409202.9462840205,151,32,13,1
500,2757,156649.68120915946,25104.286552873997,197,33,3,1
511,26,399316.7768641373,455769.4945333257,94,15,12,0
1351,4574,483881.16296398407,14849.077167088446,134,43,40,1
217,3196,428451.28064393956,178049.91914094833,184,39,14,1
1325,2358,58910.22968084666,8005.016796857738,122,17,9,0
1156,4804,369891.19300956174,38664.869752936975,108,33,15,1
1094,691,159901.4495370283,455593.02576152154,4,24,11,0
1276,289,494209.1531070971,177494.9292899993,93,44,4,1
1439,4816,242730.9556816276,212443.28805948395,151,5,1,1
445,3752,61304.70578963462,107750.65625313806,6,20,9,1
876,767,362620.2554588927,298588.17551634123,32,5,0,1
1206,2433,161573.2980732683,297442.12701742706,106,31,6,0
167,2512,498539.3707251227,186162.9758734271,146,40,31,1
91,33,489893.2506814755,166584.13241551863,15,47,25,1
714,911,328101.3956084883,442493.65765947587,168,42,16,0
39,3109,65000.24183096362,191703.79139713646,122,38,26,0
1150,4004,343461.81273774704,246801.14597798866,96,30,23,1
1475,2999,46605.9401813676,141724.05073622282,6,41,34,0
173,2511,14779.14313528592,393406.074728228,112,9,9,0
653,4670,411496.9272661209,198784.33363385592,120,29,21,1
754,3614,104955.4985470723,256854.16216750783,123,17,6,1
1244,3558,189575.6603969268,126753.24931282474,191,23,16,0
1082,1458,486731.34924908896,493831.03021139174,67,8,5,1
476,4838,168486.5668803655,145818.72088776907,106,30,22,1
456,3361,148315.2416635293,385394.1911996853,139,14,5,1
829,520,459112.17901142535,213805.0756133439,43,3,3,0
895,43,55463.14781494716,103188.08080156153,145,39,8,1
1385,3347,379815.24681630445,399879.41010603413,96,8,3,0
1025,891,494033.9767697217,166870.03383561867,132,44,6,0
387,2849,450657.87578624696,432610.15436416573,191,8,6,1
348,2209,325868.7925613423,457637.0667404197,196,25,1,1
190,1103,157098.99141686672,429925.9353120988,81,3,0,1
505,1828,127235.55839104053,17600.456611922145,41,16,7,0
1215,3206,409645.6269252434,393707.93516805227,133,15,6,1
1393,3160,439922.97478445247,205728.59930292203,160,14,13,0
1433,3098,262764.9127815919,436874.0877990943,198,34,30,1
824,3535,122245.53639915443,319013.3359161009,35,4,2,0
929,3783,56560.309884745664,416838.2027585648,22,4,2,1
934,2901,43681.0159691324,249765.94175643098,193,19,1,1
1141,3458,359566.81593219243,267559.2497490065,150,14,6,0
134,3516,210117.3520510777,72279.37730362025,112,17,16,1
58,993,452689.4011515074,392015.2806088088,11,46,25,1
685,4121,369861.6832333092,209752.86687231914,3,1,1,0
672,4969,95711.08291550189,250090.05112396413,137,28,24,0
173,4031,306927.33166596794,392570.34727644426,60,12,12,0
815,4184,217809.17665363985,299462.81549971155,76,3,2,1
1173,1687,288667.1404112297,100629.25384858945,87,41,26,1
80,4670,369060.7547569247,295157.30630953127,14,44,3,1
886,3968,403117.32091379503,203875.6657040299,18,9,3,0
1237,938,421884.28947072144,234815.81846772693,113,30,2,1
203,3603,127062.03979855515,14252.806073893626,73,40,21,1
764,3238,15654.688398687105,105093.67182318917,23,7,0,1
1253,1985,369673.4381088701,140590.93688237603,83,2,1,1
1251,1860,53261.22875526172,356508.707928617,125,47,11,0
1465,3061,157528.30234762252,5845.087401727845,175,45,20,1
1426,797,2008.185348761137,204447.75288844312,69,8,7,0
47,796,340866.5742525699,462021.03252582386,47,29,3,1
1257,1814,83649.2925344635,56029.12021290701,116,10,9,0
1329,2260,327675.67660485994,258260.55167048366,30,34,22,0
1167,3615,495872.13432220265,393282.5389571844,25,36,19,1
1439,1612,36428.16871784714,471271.4006293063,156,41,14,1
1397,989,38631.2981745352,373413.6421029056,112,12,6,0
1283,3681,170256.00832407078,360310.7177673386,25,35,27,0
656,3385,433206.6184742459,413261.39628886164,74,12,4,1
471,524,107843.3814087868,223155.9903666741,58,11,4,0
971,595,180252.87218318073,402941.68185565475,94,36,14,0
1036,1055,34345.852772827086,4081.405932251018,119,9,0,1
1354,3638,381601.33010031877,462288.07158286474,127,8,1,1
736,4449,204212.34074544962,221708.92410763595,169,6,4,0
784,964,379648.44165711536,276734.75591408723,25,1,0,1
968,697,451813.56138896284,127515.63623254967,78,22,18,0
358,3904,116458.29723593425,371291.16333692666,99,38,29,0
972,4478,403717.27556694165,38410.23965697688,116,39,17,1
1432,2951,29641.03565011881,436330.63769316295,48,38,13,0
668,531,449433.80935130565,414075.60282027075,10,20,3,1
373,3229,325419.1969246178,108108.45211075872,99,22,3,1
1032,2258,437125.93939676194,404681.2667028027,11,28,19,1
1146,3349,194.18093833529053,393200.2307574346,85,13,3,1
1372,3970,84623.62707096066,316145.0772171991,149,25,18,0
676,1880,194940.7177745034,186822.7364321538,173,4,4,0
90,1768,189813.5013970218,135822.22721551574,135,30,11,1
698,525,113442.51842346299,115968.61678564608,192,24,6,1
1340,1021,190867.80873961333,159372.62048552724,126,30,24,1
1202,121,64511.47112892739,451788.86587192194,64,49,43,0
540,2438,206439.2885200864,38912.62391679176,2,19,3,1
732,588,401196.9291467162,414452.75099885406,76,43,33,0
869,399,239587.12454536528,174510.1485134076,121,16,1,1
41,3793,9098.244463712972,260847.53806607795,42,44,4,0
740,2773,210779.8763854658,397263.36826088047,54,1,0,1
502,4172,13684.790543812996,442199.8358567834,75,24,9,0
959,3865,483125.08101232845,172456.23189431624,16,12,9,0
1169,278,63814.2343154922,230975.55628942765,18,38,12,0
1225,2018,353873.3943326763,207316.58080191445,187,27,6,1
929,4438,486390.8838137537,6724.191648604883,90,41,4,1
461,1394,413036.92192811926,148041.85014044243,144,5,1,0
732,3571,349687.75602558925,229648.69794290766,6,2,1,0
752,4707,419746.5086594334,205605.69507933184,185,34,9,1
925,170,490901.1667609878,360992.4208350882,108,17,5,1
909,1572,310710.1141770394,192463.3282488295,175,10,10,1
1277,733,279636.48493398033,244739.28684043806,48,19,18,1
390,2048,314156.2314205944,214861.33520696845,42,4,4,0
883,4202,266384.6757921013,370339.0118322958,76,18,7,1
256,3501,317581.04404426843,431499.90225358255,188,21,0,0
709,783,224976.11976548238,265991.3505958563,77,18,16,0
450,218,109299.74712336522,394737.15387817606,132,46,38,0
10,3767,60211.588533186645,148463.6623417233,130,15,13,0
824,1581,34263.63367257697,270730.6681176186,59,23,20,0
798,2453,131731.5602982247,172680.45383961924,155,40,29,1
1266,2941,23157.169811433345,207159.04269335797,27,3,0,1
1275,3122,283628.67288170086,366233.691019853,79,14,0,1
877,596,141985.84066705778,440843.0749181231,72,24,8,0
1029,2725,412284.9505627074,60835.54600477393,7,43,16,1
1143,718,37213.012406894384,317356.1643180415,191,34,4,0
1016,940,113253.11202130881,291113.6894081415,111,13,9,0
374,4342,365150.04893036396,59295.67808404835,119,48,30,1
1089,6,299444.26736210735,106025.97578701052,174,18,7,1
146,2853,32339.18649745885,155570.14711686686,63,37,37,0
224,4049,438632.004635384,83548.84230166899,124,35,18,1
1263,1954,438643.1552368071,121940.36831391846,12,6,3,1
177,922,165270.96113749934,133873.6393509676,141,29,17,1
853,3179,170268.8810904474,167903.3491362259,43,18,0,1
1306,2246,494515.2763392519,374720.2873552994,17,48,12,1
63,94,313125.4681794098,285998.9107049153,63,24,13,1
1241,1714,265705.12863197277,493124.7113085056,120,15,7,1
827,2174,419092.27655760705,207426.43990103877,36,46,32,0
795,4243,142716.64014482248,376957.1504110788,8,39,28,1
689,3046,214648.37843883882,435747.0638461292,69,7,2,1
1485,110,133961.56007661825,339521.34866971715,90,17,16,0
105,891,394601.5072097068,205991.18373470625,36,27,3,1
1123,432,286717.3378830455,376821.9559098019,28,15,9,1
511,1900,329446.6525630212,101913.20217256516,118,18,11,0
385,321,126228.39419471934,163843.3273735482,93,41,9,1
405,639,110190.62815851982,273387.95902413444,175,16,5,0
823,1930,244238.47702857107,287747.1527043455,76,44,0,1
518,2061,368809.1179715041,11168.523588767466,101,12,6,0
476,3149,262667.3547843281,472562.5829591288,158,6,1,1
709,2275,16419.574205079734,348343.97288157325,151,26,26,0
771,1444,434288.89800951234,247902.30474092235,144,9,4,1
1461,557,32436.978068214274,466570.3044807133,14,33,27,0
1047,720,477916.65941200405,219603.87306888917,71,35,15,1
997,3916,12668.464942808636,490219.74157815886,180,24,23,1
677,1718,347255.7830197413,256191.1501460182,124,5,5,1
714,3394,41195.31114951965,57231.45642198993,125,23,22,0
1482,1112,455347.22205962625,382424.0061323927,37,17,5,0
83,4211,232270.17478914885,339480.9727664125,29,22,21,0
1169,255,68848.13503102599,386516.0619806628,195,5,0,1
1109,2435,170473.7683249443,475725.870159968,143,28,27,0
1102,2059,82495.85520584634,388267.00239524397,175,24,4,1
457,463,85373.89758738929,305707.1674481018,174,16,14,0
1,212,474059.34925370396,428668.72029018437,180,45,5,0
51,904,222678.53153116562,336655.8950333303,19,23,18,1
685,3466,394422.2517262892,204118.71650727896,106,10,0,1
717,3390,319838.8200327232,442821.32014446246,21,25,0,1
1470,26,338245.53853296227,111028.040346108,64,33,2,1
449,414,65933.54989217206,357349.17332687124,165,27,9,1
881,899,117168.80496306128,440793.5711248844,27,2,0,0
488,519,393396.492543703,365685.1281996778,55,10,2,1
34,4909,485386.026616744,348667.98198502307,29,37,2,1
1372,4974,131411.553735066,376343.8832065108,148,13,8,1
95,4114,135857.2254990448,232581.11862549212,25,25,12,0
1096,2139,236501.27669217132,437097.9240102973,70,47,37,0
154,3600,491921.77239643334,101797.89392053199,63,20,12,1
250,2961,134552.5770186529,63780.46935856961,164,38,19,1
674,1565,203545.25762616852,142825.83918124394,130,29,19,1
438,1271,445750.85981019103,265835.54064781906,150,7,3,1
118,2174,1560.2242074188675,255329.8415251281,16,19,12,0
771,3643,19979.005897785915,410317.31896252563,146,47,33,0
1330,754,302075.4313679025,202343.8713363683,197,31,20,1
268,3432,453699.3443399522,242223.77870312516,182,21,15,1
1078,4785,119504.44453492363,6782.504861371878,100,6,6,0
236,1932,234873.92316288644,204928.64429782526,30,8,5,0
389,3809,225287.60429874336,323922.339051876,45,44,12,1
990,3707,236538.37591314554,7852.614480233432,19,0,0,0
763,2361,311297.59589529963,140512.89439660325,34,28,16,1
401,4795,234924.90711904282,104057.38400876604,141,7,6,1
624,2340,223789.32384709668,21088.515911903156,171,3,0,1
767,311,237196.78137358715,239682.1189482773,62,34,16,1
1327,3670,295474.63389139366,90943.47428475543,118,2,0,1
919,1994,268550.04342684406,371566.46166172693,100,44,1,1
1231,666,427082.58522548707,423979.1490932979,22,39,18,1
1253,4649,24843.47706148394,272838.032816307,180,6,2,1
853,316,416675.2040293589,490855.5005263187,180,26,23,0
578,2925,421977.91384460084,225294.2378781506,111,0,0,1
75,1087,142525.51996332733,256732.76829143526,164,26,6,0
435,2976,231479.69231242372,494609.9552034793,73,15,5,0
103,759,219325.390419864,115851.0631389279,147,37,19,1
1446,4135,109333.06619362974,471278.71524448495,38,6,0,1
764,4545,198458.7438584496,21514.493804044712,70,43,16,1
738,357,22289.447308210132,223248.80644257108,116,22,14,1
806,907,138983.25418358904,35094.75571531958,79,40,1,1
1330,3893,408359.419507814,364644.4479825301,185,10,3,1
98,163,142352.69465127247,304243.6270464209,148,41,18,0
798,1982,409121.51370724896,353346.46830745146,9,32,16,1
1359,961,265846.57235575496,187302.7519440117,32,49,4,1
859,2076,439943.35241284384,184804.018822287,132,35,17,0
435,408,287432.29917678115,22755.107552551213,50,36,6,1
447,4616,14931.144710063436,175037.47527086694,82,40,16,1
1332,2784,337742.5617527899,464651.2722908035,5,16,6,0
249,1392,22522.298654981973,189675.34593650643,148,34,3,0
166,3458,225353.44978966867,415700.7163403628,87,47,37,1
984,960,464720.4045671097,421178.51982449205,126,4,0,1
1359,1717,82685.44927499129,186683.25407397898,75,47,4,1
1020,4708,194997.18923547788,316031.1413300549,165,31,29,0
542,1278,364957.16839335434,47776.26397630201,22,2,0,1
759,3816,441141.0521918143,51928.92250906482,186,46,8,1
1130,2630,335504.4080707797,24423.966064490483,68,34,3,1
81,2387,129160.80977016549,290549.44517821725,44,13,2,1
133,1446,337336.46567281644,213092.8817152859,34,47,23,1
797,2984,148434.1477879346,274061.37509645364,77,30,13,0
900,1802,359242.77198638575,260584.4879351431,42,30,4,1
138,4395,477021.1604797618,175166.47524625607,137,16,9,1
184,4014,360724.5862080335,338768.9600702541,106,23,18,1
1425,4855,431453.96340591495,379275.0902701037,95,22,11,1
1354,1399,1151.7112036241183,7412.66661295009,135,17,17,0
785,4286,358814.30515332404,103700.42565446226,68,49,16,1
984,1274,414810.81967693864,356646.6104548601,147,13,13,0
69,4737,20375.312898586242,193371.4242996537,159,49,23,1
546,3719,435811.7038713865,331275.7250761099,128,14,10,1
53,534,128421.44473219191,173546.63360130574,163,14,2,1
1474,3628,332679.5217788298,195438.5006495856,185,5,0,1
205,2963,400197.404023801,79423.56895747349,85,26,0,0
126,2919,331365.9900783718,129189.6867311134,189,14,14,1
43,4894,46233.16755742129,302745.3375780429,159,49,31,0
111,3596,298201.12727829814,216638.23934645168,83,35,8,1
761,2152,274836.8699953996,387173.9112040031,95,7,6,0
1207,4578,450170.6019103283,426307.21897367755,181,14,11,0
848,3374,202179.44084914017,270869.04446655826,32,2,0,1
95,944,160608.44043381634,379157.81929882395,66,46,34,0
1398,530,374950.3971417895,153521.56614596554,187,12,5,1
900,6,206396.39550908998,207544.1105784991,116,40,26,1
360,379,323083.47788503097,356417.5603407938,138,33,18,1
900,2345,323260.400053291,193167.37520923364,130,23,12,1
281,4010,444030.72827362287,294293.6170859785,194,39,11,1
1219,3057,299386.3319193168,92767.8522633475,60,31,19,1
1219,4653,251126.58961999725,299925.68035375193,17,31,0,1
667,2370,69521.77606561885,430770.7022427241,96,29,20,0
93,1530,57957.22957868481,434332.95594773046,144,48,48,0
672,4481,77245.35048501138,362199.76872413687,16,12,12,0
61,1651,86007.05581541455,372902.1142001554,46,0,0,1
634,18,318974.7586225506,279007.92983083526,167,33,0,1
1075,4604,370516.5270122618,292375.5782738958,159,14,9,1
1427,2283,265042.76231091673,66911.92564711795,107,43,31,1
1029,3160,414525.964499491,221985.20829180843,88,13,13,0
1490,134,495632.48704414326,225443.06431479327,129,28,6,1
604,3819,410024.3132967661,479253.0680503033,139,33,21,1
682,4938,347471.698600612,215600.3226253824,119,17,17,1
534,3221,266293.1004486296,274716.38818688854,85,6,5,1
1429,2943,224481.65053018666,266672.3744996233,4,28,26,0
838,3933,42287.751034216715,318417.18235045916,71,30,27,1
645,2045,199744.437322506,374141.59238281474,154,24,17,0
233,32,455076.3049273889,112598.43389781898,111,37,28,0
524,2118,404030.5126902858,264409.33710730803,50,13,1,1
346,1257,108104.07736934243,412976.2618872836,140,7,3,0
1070,4361,233357.23157013822,231611.045447372,95,26,7,1
546,2051,408379.92895901646,139300.92743214915,92,1,1,0
1102,4560,33785.538937282705,327389.0667706139,65,16,1,1
1097,4028,193757.55357576278,411901.32115998154,47,36,6,1
794,4401,425935.43431328645,31663.83243440292,181,13,3,1
249,3379,202008.54229864487,388417.56265527284,106,24,17,0
47,3471,38899.560901247285,410841.80168758944,199,29,27,0
1145,3086,271312.9308292725,230815.31150154455,130,28,5,1
214,3783,430885.0732096558,491654.49784355186,106,19,8,0
239,634,295183.7429222845,393375.4995195838,24,20,8,0
1080,274,113216.92619629447,386853.91619134333,4,21,13,0
350,2644,192181.38610667692,373944.5033485947,108,34,7,0
107,1998,225116.6682548479,75388.99079881517,19,36,34,1
831,2896,289675.2502748814,108693.7201378601,154,15,1,1
48,4962,379699.57777373126,232048.66671906607,40,49,4,1
337,3437,49526.92145855364,132075.77454473698,50,48,13,1
1050,1285,444837.0513054814,207678.96206978682,171,42,27,1
804,2365,6253.6205377361875,444243.208550468,75,16,3,1
1281,580,185089.1621036602,412181.0132504467,195,15,6,1
8,1312,13807.41295533156,315056.9352521431,12,1,1,0
625,3197,196547.8152501111,429074.3850861267,195,3,3,0
1277,3183,262953.71817677456,391907.8172697229,27,20,11,0
719,2739,255889.52515209772,214549.56742726115,113,38,1,1
303,2217,82897.61067942984,100612.46950976757,182,33,13,1
639,2357,322905.6809967966,257149.09990066866,194,29,21,1
56,3573,22484.747407283645,368140.8183760222,49,5,3,1
726,1660,380977.21938419447,218266.15740492355,144,16,5,1
526,1584,473327.5525533738,333419.27770097024,130,38,3,1
474,2208,169950.43669284382,47254.280402892706,60,24,14,1
28,1395,258667.96691899453,374027.56771206454,182,4,0,1
78,1747,189517.2480016013,406375.5385845417,30,4,0,1
1240,1930,3454.524112999571,353448.24410469254,84,19,6,1
1410,624,192998.66399726845,483635.0674044301,166,15,8,0
365,1279,395880.9576047471,413343.36352457415,28,40,30,1
666,961,298034.8222075226,451556.5545654815,25,36,11,1
526,1944,50719.83131611795,466792.18462047825,96,39,4,0
699,3958,423585.03089792316,400693.8611377169,125,8,1,1
1336,2386,265589.5639081329,337161.9951190489,10,4,1,1
883,973,420877.5085361636,2958.718822258565,188,41,37,0
1031,1321,290152.7372406362,232966.29403624003,42,1,1,0
1027,1048,279888.2535744861,285624.03308131825,40,8,6,0
919,286,52719.06667998649,152084.73319675503,77,42,17,0
750,2849,83763.13059600012,159120.4130070457,105,35,1,1
363,1063,486015.4257226459,480583.59191351157,118,21,9,0
1298,4298,114320.52470270991,445866.2615148527,42,21,14,0
806,2537,488728.3137833849,424604.58485030197,47,21,11,1
739,3833,266003.1619914793,203065.2996728847,165,33,16,1
1039,1013,67980.94462726217,6947.905349416381,22,28,3,1
1216,1234,49741.1711565711,40203.101003211465,185,37,6,1
485,1040,104511.14894579942,156166.96447198006,107,45,40,0
28,4590,462826.10127966537,7969.882206538924,27,32,30,0
714,280,207133.69714168058,8673.175979407537,41,17,6,1
1063,2745,197777.59056965788,458309.9904910413,80,6,6,0
1297,2294,156671.80990897998,353108.6352093151,162,0,0,1
1255,1244,73616.21909823753,154547.0994350695,160,32,5,1
86,130,243976.81347648398,66409.02434271648,89,0,0,1
1498,4070,65110.88647731823,255866.69537574906,66,23,17,0
126,4317,417756.57016752556,2772.545811096792,12,3,1,1
812,3873,185261.4534390257,469213.0305546862,168,3,0,1
537,1213,187464.30353412,207466.07818253472,73,17,1,1
145,3254,237055.8135987296,201227.24412314265,76,26,11,0
1236,923,222119.44381155923,195357.7444301329,90,42,14,1
25,3928,497429.5007323548,34757.232360843605,10,31,13,1
1418,4408,272736.02249702945,319197.2876719341,96,32,5,1
67,1974,44192.03172455636,366528.5094522138,176,27,17,0
233,2798,303477.9830543073,338095.0862543863,20,41,36,0
109,896,75876.988005653,69303.90311536421,39,40,31,1
1170,4475,15565.728601197852,289462.20000099274,60,35,2,1
111,2038,485374.00262325635,284785.2936377097,66,5,2,1
228,1369,386792.09187812847,434218.55289189686,65,15,5,0
111,133,490056.4853076421,189625.91642198592,179,33,21,1
1494,1019,238991.436166319,185805.82323535116,124,22,9,1
34,1804,266175.5398213732,309301.67665322096,164,49,2,1
623,4617,84251.6442639732,316573.01948440657,152,41,11,1
1393,1523,123529.02259112603,234695.6851401626,155,23,15,0
748,4186,419290.7525299238,221585.3752289775,130,48,16,1
595,1203,178157.2049940853,247124.42055187756,159,12,6,1
425,3878,413424.8054008299,430536.54522170563,57,17,12,1
613,2479,354535.9607710872,230637.33393682961,78,12,7,0
692,3490,88667.74554340557,469971.9028057142,194,48,1,0
1306,4054,253772.4384232591,252051.4814218034,29,36,3,1
1344,3724,338725.9220272066,474605.42652112764,15,42,9,1
1467,307,117595.10368043218,416432.66774435097,12,38,38,0
315,3957,415361.1864089864,181279.41817565297,101,41,23,1
877,4688,272459.3460068389,431834.3465061784,156,16,16,0
1401,991,82704.50101625735,55120.635772137495,84,14,3,1
1313,1868,291533.9146396848,462531.082953973,125,17,5,1
1461,4445,499856.93069754145,315858.5931899375,103,22,18,0
662,4914,75345.69368254044,27289.93518630336,24,29,4,1
277,3077,408396.7893667521,322163.9361530407,149,33,31,1
624,3129,103733.77069346022,487126.4023069636,138,3,1,0
516,1332,391215.9258970976,34993.347241853,110,2,0,1
1374,2413,367315.50376839447,277388.38611906517,78,6,2,1
843,3678,150314.64386165614,373922.3954447103,101,17,12,0
1470,3296,162978.97647046845,405148.2674910957,146,41,18,1
350,4038,396281.4438422633,206972.34991386585,142,6,4,1
823,708,230776.6113924676,102162.86292820467,162,39,23,1
1161,579,365435.9325530332,21266.90515831468,128,5,5,1
759,3237,74077.27526818079,289905.10593290266,58,21,3,0
899,4788,426293.6351725866,226510.24402677864,76,0,0,1
243,2637,355471.26986949134,474377.3231353405,150,3,3,1
